Transaction Date,Post Date,Description,Category,Type,Amount,Memo
04/16/2025,04/17/2025,CL *Chase Travel,Travel,Sale,-546.13,
04/14/2025,04/16/2025,SHELL OIL 12467591009,Gas,Sale,-28.20,
04/16/2025,04/16/2025,ANNUAL HOTEL CREDIT,Fees & Adjustments,Adjustment,50.00,
04/13/2025,04/14/2025,DOLLAR TREE,Shopping,Sale,-6.70,
04/09/2025,04/10/2025,CHEX INDIAN LAND,Food & Drink,Sale,-12.00,
04/07/2025,04/08/2025,BP#8169278BALLNTYNE COMM,Gas,Sale,-30.80,
04/06/2025,04/07/2025,ALDI 66031 NORTH CAROL,Groceries,Sale,-11.77,
04/04/2025,04/06/2025,HARRIS TEETER #0011,Groceries,Sale,-15.47,
04/04/2025,04/06/2025,PUBLIX SUPERMARKETS #1442,Groceries,Sale,-4.78,
04/02/2025,04/03/2025,CHEX INDIAN LAND,Food & Drink,Sale,-23.49,
04/01/2025,04/02/2025,PUBLIX SUPERMARKETS #1442,Groceries,Sale,-6.62,
03/31/2025,04/01/2025,ALDI 66034 FORT MILL,Groceries,Sale,-14.21,
03/30/2025,03/31/2025,SQ *MUSLIM EDUCATION CENT,Gifts & Donations,Sale,-16.00,
03/30/2025,03/31/2025,SQ *MUSLIM EDUCATION CENT,Gifts & Donations,Sale,-5.00,
03/28/2025,03/30/2025,SHELL OIL 12467591009,Gas,Sale,-27.80,
03/29/2025,03/30/2025,SQ *MUSLIM EDUCATION CENT,Education,Sale,-30.00,
03/27/2025,03/30/2025,RESTAURANT DEPOT,Groceries,Sale,-109.80,
03/26/2025,03/28/2025,SPROUTS FARMERS MAR,Groceries,Sale,-21.44,
03/24/2025,03/25/2025,CHEX INDIAN LAND,Food & Drink,Sale,-11.21,
03/23/2025,03/24/2025,SAMSCLUB #6236,Shopping,Sale,-46.88,
03/21/2025,03/23/2025,SHELL OIL 91002392930,Gas,Sale,-32.28,
03/16/2025,03/17/2025,PUBLIX SUPERMARKETS #1442,Groceries,Sale,-12.17,
03/14/2025,03/16/2025,SHELL OIL 12467591009,Gas,Sale,-18.85,
03/14/2025,03/14/2025,Payment Thank You-Mobile,,Payment,1461.26,
03/13/2025,03/14/2025,PUBLIX SUPERMARKETS #1442,Groceries,Sale,-8.85,
03/11/2025,03/12/2025,HARRIS TEETER #0011,Groceries,Sale,-23.18,
03/11/2025,03/12/2025,CHEX INDIAN LAND,Food & Drink,Sale,-11.78,
03/09/2025,03/10/2025,HARRIS TEETER #0011,Groceries,Sale,-18.45,
03/09/2025,03/10/2025,ALDI 66107 PINEVILLE,Groceries,Sale,-15.37,
03/09/2025,03/10/2025,SAMSCLUB #6348,Shopping,Sale,-110.39,
03/06/2025,03/09/2025,THE HOME DEPOT #3646,Home,Return,109.48,
03/06/2025,03/09/2025,THE HOME DEPOT #3646,Home,Sale,-150.00,
03/05/2025,03/07/2025,SHELL OIL 12467591009,Gas,Sale,-28.80,
03/06/2025,03/07/2025,CIRCLE K 08404,Gas,Sale,-6.64,
03/04/2025,03/06/2025,SPROUTS FARMERS MAR,Groceries,Sale,-57.67,
03/04/2025,03/05/2025,HARRIS TEETER #0011,Groceries,Sale,-22.93,
03/03/2025,03/04/2025,PUBLIX SUPERMARKETS #1442,Groceries,Sale,-3.06,
03/01/2025,03/02/2025,ANNUAL MEMBERSHIP FEE,Fees & Adjustments,Fee,-95.00,
02/28/2025,03/02/2025,HARRIS TEETER #0011,Groceries,Sale,-23.40,
02/28/2025,03/02/2025,ALDI 66107 PINEVILLE,Groceries,Sale,-14.94,
02/27/2025,02/28/2025,PUBLIX SUPERMARKETS #1442,Groceries,Sale,-24.54,
02/27/2025,02/28/2025,SAMSCLUB #6348,Shopping,Sale,-54.38,
02/26/2025,02/27/2025,SAMSCLUB #6348,Gas,Sale,-28.44,
02/26/2025,02/27/2025,YAFA HALAL MARKET,Groceries,Sale,-15.17,
02/25/2025,02/27/2025,SPROUTS FARMERS MAR,Groceries,Sale,-8.65,
02/26/2025,02/27/2025,SAMSCLUB #6348,Shopping,Sale,-112.71,
02/25/2025,02/26/2025,HARRIS TEETER #0011,Groceries,Sale,-11.30,
02/24/2025,02/24/2025,Payment Thank You-Mobile,,Payment,1373.21,
02/23/2025,02/24/2025,HALAL INTERNATIONAL UNI,Groceries,Sale,-17.00,
02/23/2025,02/24/2025,ALDI 66031 NORTH CAROL,Groceries,Sale,-19.35,
02/23/2025,02/24/2025,SQ *DUBAI CHOCOLATE,Professional Services,Sale,-27.55,
02/23/2025,02/24/2025,SQ *CAST IRON WAFFLES,Food & Drink,Sale,-35.87,
02/23/2025,02/24/2025,TFO #154,Shopping,Sale,-5.35,
02/23/2025,02/24/2025,TFO #154,Shopping,Sale,-235.38,
02/20/2025,02/23/2025,CHICK-FIL-A #02797,Food & Drink,Sale,-5.23,
02/22/2025,02/23/2025,HARRIS TEETER #0011,Groceries,Sale,-25.02,
02/20/2025,02/21/2025,CHEX INDIAN LAND,Food & Drink,Sale,-27.00,
02/18/2025,02/20/2025,SHELL OIL 12467591009,Gas,Sale,-31.06,
02/17/2025,02/18/2025,HARRIS TEETER #0011,Groceries,Sale,-15.08,
02/16/2025,02/17/2025,SAMSCLUB #6348,Shopping,Sale,-50.88,
02/16/2025,02/17/2025,CHEX PROSPERITY,Food & Drink,Sale,-12.40,
02/15/2025,02/16/2025,HARRIS TEETER #0317,Groceries,Sale,-18.40,
02/14/2025,02/16/2025,HARRIS TEETER #370,Groceries,Sale,-42.85,
02/15/2025,02/16/2025,REGAL STONECREST  0384,Entertainment,Sale,-10.81,
02/15/2025,02/16/2025,LIDL #1015,Groceries,Sale,-7.11,
02/14/2025,02/14/2025,LYFT   *2 RIDES 02-12,Travel,Sale,-46.98,
02/12/2025,02/13/2025,PUBLIX SUPERMARKETS #1442,Groceries,Sale,-17.41,
02/12/2025,02/13/2025,LIDL #1015,Groceries,Sale,-16.58,
02/09/2025,02/11/2025,ZAPATA'S MEXICAN RESTAURA,Food & Drink,Sale,-18.00,
02/10/2025,02/11/2025,PUBLIX SUPERMARKETS #1442,Groceries,Sale,-4.07,
02/10/2025,02/11/2025,7732 Great Clips at Balla,Personal,Sale,-24.00,
02/10/2025,02/11/2025,HARRIS TEETER #0317,Groceries,Sale,-20.56,
02/09/2025,02/10/2025,SAMSCLUB #6540,Gas,Sale,-29.85,
02/08/2025,02/10/2025,HALAL INTERNATIONAL UNI,Groceries,Sale,-80.18,
02/08/2025,02/09/2025,SAMSCLUB #6540,Shopping,Sale,-154.51,
02/07/2025,02/09/2025,F M CLEANERS,Personal,Sale,-19.48,
02/08/2025,02/09/2025,SUVIDHA INTL MARKET CRT,Groceries,Sale,-12.23,
02/08/2025,02/09/2025,LIDL #1044,Groceries,Sale,-4.91,
02/05/2025,02/07/2025,SHELL OIL 12467591009,Gas,Sale,-24.34,
02/05/2025,02/06/2025,HARRIS TEETER #0317,Groceries,Sale,-15.03,
02/05/2025,02/06/2025,LIDL #1015,Groceries,Sale,-10.88,
02/04/2025,02/05/2025,PUBLIX SUPERMARKETS #1442,Groceries,Sale,-11.79,
02/04/2025,02/05/2025,CHEX INDIAN LAND,Food & Drink,Sale,-11.00,
01/30/2025,02/02/2025,SHELL OIL 12467591009,Gas,Sale,-27.81,
01/30/2025,01/31/2025,LIDL #1015,Groceries,Sale,-5.69,
01/30/2025,01/31/2025,HARRIS TEETER #0317,Groceries,Sale,-24.63,
01/30/2025,01/31/2025,YAFA HALAL MARKET,Groceries,Sale,-8.97,
01/30/2025,01/31/2025,SAMSCLUB #6348,Shopping,Sale,-74.35,
01/27/2025,01/29/2025,CHEX INDIAN LAND,Food & Drink,Sale,-11.00,
01/27/2025,01/29/2025,HARRIS TEETER #0317,Groceries,Sale,-12.23,
01/27/2025,01/29/2025,HARRIS TEETER #0317,Groceries,Sale,-33.83,
01/28/2025,01/29/2025,PUBLIX SUPERMARKETS #1442,Groceries,Sale,-7.22,
01/27/2025,01/29/2025,PUBLIX SUPERMARKETS #1442,Groceries,Sale,-11.57,
01/26/2025,01/29/2025,THE HOME DEPOT #3646,Home,Sale,-106.18,
01/26/2025,01/28/2025,PUBLIX SUPERMARKETS #1442,Groceries,Sale,-7.13,
01/26/2025,01/28/2025,PUBLIX SUPERMARKETS #1442,Groceries,Sale,-22.04,
01/25/2025,01/28/2025,HARRIS TEETER #0011,Groceries,Sale,-31.07,
01/24/2025,01/26/2025,Payment Thank You-Mobile,,Payment,1357.21,
01/24/2025,01/26/2025,CHEX INDIAN LAND,Food & Drink,Sale,-20.00,
01/22/2025,01/23/2025,HONEST-1 AUTO CARE FORT,Automotive,Sale,-101.72,
01/22/2025,01/23/2025,PUBLIX SUPERMARKETS #1442,Groceries,Sale,-15.28,
01/22/2025,01/23/2025,LIDL #1015,Groceries,Sale,-21.12,
01/21/2025,01/22/2025,LIDL #1015,Groceries,Sale,-4.37,
01/21/2025,01/22/2025,HARRIS TEETER #0317,Groceries,Sale,-17.31,
01/20/2025,01/21/2025,CHEX MT GALLANT,Food & Drink,Sale,-21.23,
01/20/2025,01/21/2025,HARRIS TEETER #0011,Groceries,Sale,-19.17,
01/20/2025,01/21/2025,CHEX MT GALLANT,Food & Drink,Sale,-5.33,
01/17/2025,01/19/2025,CHEX INDIAN LAND,Food & Drink,Sale,-5.29,
01/17/2025,01/19/2025,SHELL OIL 12467591009,Gas,Sale,-25.73,
01/16/2025,01/17/2025,CHEX INDIAN LAND,Food & Drink,Sale,-15.57,
01/17/2025,01/17/2025,LYFT   *2 RIDES 01-15,Travel,Sale,-39.99,
01/14/2025,01/15/2025,PUBLIX SUPERMARKETS #1442,Groceries,Sale,-11.21,
01/14/2025,01/15/2025,PUBLIX SUPERMARKETS #1442,Groceries,Sale,-13.25,
01/14/2025,01/15/2025,SAMSCLUB #6348,Shopping,Sale,-110.11,
01/13/2025,01/14/2025,CHEX MT GALLANT,Food & Drink,Sale,-21.00,
01/13/2025,01/14/2025,TST* JOY'S BIRYANI N KABA,Food & Drink,Sale,-10.00,
01/13/2025,01/14/2025,LIDL #1015,Groceries,Sale,-4.95,
01/11/2025,01/13/2025,PUBLIX SUPERMARKETS #1442,Groceries,Sale,-24.92,
01/10/2025,01/12/2025,LIDL #1497,Groceries,Sale,-11.78,
01/10/2025,01/12/2025,HARRIS TEETER #0011,Groceries,Sale,-5.60,
01/10/2025,01/12/2025,SAMSCLUB #6348,Shopping,Sale,-79.59,
01/10/2025,01/12/2025,CHEX INDIAN LAND,Food & Drink,Sale,-10.77,
01/07/2025,01/09/2025,SHELL OIL 12467591009,Gas,Sale,-30.15,
01/08/2025,01/09/2025,HARRIS TEETER #0011,Groceries,Sale,-7.19,
01/07/2025,01/08/2025,PUBLIX SUPERMARKETS #1442,Groceries,Sale,-11.51,
01/05/2025,01/06/2025,PUBLIX SUPERMARKETS #1442,Groceries,Sale,-16.08,
01/05/2025,01/06/2025,CHEX INDIAN LAND,Food & Drink,Sale,-10.27,
01/05/2025,01/06/2025,WAL-MART #4237,Groceries,Return,14.02,
01/04/2025,01/06/2025,SPROUTS FARMERS MAR,Groceries,Sale,-5.60,
01/04/2025,01/06/2025,LOWES #03040*,Home,Sale,-59.27,
01/05/2025,01/06/2025,7732 Great Clips at Balla,Personal,Sale,-14.99,
01/05/2025,01/06/2025,LIDL #1015,Groceries,Sale,-7.29,
01/04/2025,01/05/2025,WAL-MART #4237,Groceries,Sale,-10.77,
01/04/2025,01/05/2025,MACYS  SOUTHPARK (NC),Shopping,Sale,-11.57,
01/04/2025,01/05/2025,CHEX INDIAN LAND,Food & Drink,Sale,-9.73,
01/03/2025,01/05/2025,TST* JOY'S BIRYANI N KABA,Food & Drink,Sale,-10.00,
01/04/2025,01/05/2025,WAL-MART #4237,Groceries,Sale,-14.02,
01/04/2025,01/05/2025,MACYS  SOUTHPARK (NC),Shopping,Sale,-164.06,
01/03/2025,01/05/2025,LIDL #1015,Groceries,Sale,-9.84,
01/02/2025,01/03/2025,HARRIS TEETER #0011,Groceries,Sale,-31.05,
01/02/2025,01/03/2025,SAMSCLUB #6348,Shopping,Sale,-83.25,
12/31/2024,01/02/2025,SHELL OIL 12467591009,Gas,Sale,-29.89,
01/01/2025,01/02/2025,CHEX INDIAN LAND,Food & Drink,Sale,-20.00,
12/30/2024,12/31/2024,SAMSCLUB #6348,Shopping,Sale,-200.18,
12/28/2024,12/30/2024,SPROUTS FARMERS MAR,Groceries,Sale,-11.87,
12/29/2024,12/30/2024,CHEX INDIAN LAND,Food & Drink,Sale,-20.46,
12/29/2024,12/30/2024,WAL-MART #4237,Groceries,Sale,-3.81,
12/27/2024,12/29/2024,SPROUTS FARMERS MAR,Groceries,Sale,-79.00,
12/27/2024,12/29/2024,HARRIS TEETER #0082,Groceries,Sale,-22.92,
12/28/2024,12/29/2024,FONDA MEXICANA EL PARAIS,Food & Drink,Sale,-11.90,
12/27/2024,12/29/2024,HARRIS TEETER #0082,Groceries,Sale,-12.21,
12/26/2024,12/27/2024,LIDL #1015,Groceries,Sale,-25.85,
12/26/2024,12/27/2024,HARRIS TEETER #0317,Groceries,Sale,-35.92,
12/26/2024,12/27/2024,CHEX INDIAN LAND,Food & Drink,Sale,-20.46,
12/25/2024,12/26/2024,CIRCLE K # 23950,Gas,Sale,-7.73,
12/23/2024,12/24/2024,CHEX INDIAN LAND,Food & Drink,Sale,-28.78,
12/23/2024,12/24/2024,TST* JOY'S BIRYANI N KABA,Food & Drink,Sale,-9.18,
12/21/2024,12/23/2024,PUBLIX SUPERMARKETS #1442,Groceries,Sale,-10.29,
12/22/2024,12/23/2024,PY *JASMINE GRILL NEW,Food & Drink,Sale,-19.46,
12/19/2024,12/20/2024,TST* JOY'S BIRYANI N KABA,Food & Drink,Sale,-6.49,
12/18/2024,12/19/2024,HARRIS TEETER #0011,Groceries,Sale,-4.81,
12/17/2024,12/19/2024,SHELL OIL 12467591009,Gas,Sale,-26.06,
12/17/2024,12/18/2024,TST* JOY'S BIRYANI N KABA,Food & Drink,Sale,-8.65,
12/17/2024,12/18/2024,LIDL #1015,Groceries,Sale,-24.61,
12/17/2024,12/18/2024,HARRIS TEETER #0317,Groceries,Sale,-23.03,
12/16/2024,12/17/2024,TST* JOY'S BIRYANI N KABA,Food & Drink,Sale,-51.49,
12/16/2024,12/17/2024,TST* JOY'S BIRYANI N KABA,Food & Drink,Sale,-5.40,
12/16/2024,12/17/2024,CHEX PROSPERITY,Food & Drink,Sale,-5.29,
12/16/2024,12/16/2024,Payment Thank You-Mobile,,Payment,1303.97,
12/12/2024,12/15/2024,SHELL OIL 12467591009,Gas,Sale,-28.82,
12/13/2024,12/15/2024,PUBLIX SUPERMARKETS #1442,Groceries,Sale,-21.29,
12/11/2024,12/12/2024,SAMSCLUB #6348,Shopping,Sale,-78.77,
12/11/2024,12/12/2024,LIDL #1015,Groceries,Sale,-3.08,
12/10/2024,12/11/2024,LIDL #1015,Groceries,Sale,-6.89,
12/09/2024,12/10/2024,PUBLIX SUPERMARKETS #1442,Groceries,Sale,-4.58,
12/08/2024,12/10/2024,COOK OUT PINEVILLE,Food & Drink,Sale,-4.32,
12/09/2024,12/10/2024,PUBLIX SUPERMARKETS #1442,Groceries,Sale,-7.76,
12/08/2024,12/09/2024,PUBLIX SUPERMARKETS #1442,Groceries,Sale,-9.58,
12/07/2024,12/08/2024,LIDL #1015,Groceries,Sale,-18.00,
12/05/2024,12/08/2024,SPROUTS FARMERS MAR,Groceries,Sale,-5.10,
12/05/2024,12/06/2024,PUBLIX SUPERMARKETS #1442,Groceries,Sale,-10.70,
12/03/2024,12/05/2024,CHICK-FIL-A #02797,Food & Drink,Sale,-5.23,
12/02/2024,12/04/2024,SHELL OIL 12467591009,Gas,Sale,-21.00,
12/03/2024,12/04/2024,LIDL #1015,Groceries,Sale,-4.80,
12/02/2024,12/03/2024,WAL-MART #3359,Groceries,Sale,-24.61,
11/30/2024,12/02/2024,PARTY CITY 1067,Shopping,Sale,-47.83,
11/30/2024,12/02/2024,SPROUTS FARMERS MAR,Groceries,Sale,-17.72,
11/30/2024,12/02/2024,SPROUTS FARMERS MAR,Groceries,Sale,-5.35,
11/30/2024,12/02/2024,RESTAURANT DEPOT,Groceries,Sale,-477.88,
11/30/2024,12/01/2024,LIDL #1497,Groceries,Sale,-30.01,
11/29/2024,12/01/2024,SQ *ICCSC.ORG,Gifts & Donations,Sale,-10.00,
11/28/2024,12/01/2024,CIRCLE K 08408,Gas,Sale,-29.73,
11/30/2024,12/01/2024,DOLLAR TREE,Shopping,Sale,-6.70,
11/29/2024,12/01/2024,HALAL INTERNATIONAL MAR,Groceries,Sale,-16.30,
11/29/2024,12/01/2024,DOLLAR TREE,Shopping,Sale,-26.81,
11/28/2024,11/29/2024,TST* JOY'S BIRYANI N KABA,Food & Drink,Sale,-8.65,
11/27/2024,11/29/2024,SPROUTS FARMERS MAR,Groceries,Sale,-8.65,
11/27/2024,11/28/2024,TST* JOY'S BIRYANI N KABA,Food & Drink,Sale,-24.87,
11/25/2024,11/26/2024,PUBLIX SUPERMARKETS #1442,Groceries,Sale,-20.47,
11/25/2024,11/26/2024,LIDL #1497,Groceries,Sale,-3.78,
11/25/2024,11/26/2024,HARRIS TEETER #0011,Groceries,Sale,-15.78,
11/24/2024,11/25/2024,LIDL #1497,Groceries,Sale,-4.48,
11/22/2024,11/24/2024,PUBLIX SUPERMARKETS #1442,Groceries,Sale,-12.21,
11/22/2024,11/24/2024,EXXON THE NEW PEACH ST,Gas,Sale,-23.83,
11/22/2024,11/24/2024,SQ *ICCSC.ORG,Gifts & Donations,Sale,-10.00,
11/21/2024,11/22/2024,LIDL #1015,Groceries,Sale,-4.57,
11/19/2024,11/21/2024,CHICK-FIL-A #02797,Food & Drink,Sale,-5.23,
11/20/2024,11/21/2024,HARRIS TEETER #0317,Groceries,Sale,-27.66,
11/19/2024,11/20/2024,LIDL #1015,Groceries,Sale,-9.59,
11/17/2024,11/19/2024,SPROUTS FARMERS MAR,Groceries,Sale,-39.67,
11/18/2024,11/19/2024,YAFA HALAL MARKET,Groceries,Sale,-18.95,
11/17/2024,11/18/2024,HARRIS TEETER #0011,Groceries,Sale,-30.74,
11/16/2024,11/18/2024,CHICK-FIL-A #02797,Food & Drink,Sale,-5.23,
11/17/2024,11/18/2024,YAFA HALAL MARKET,Groceries,Sale,-20.05,
11/16/2024,11/17/2024,Payment Thank You-Mobile,,Payment,2920.90,
11/15/2024,11/17/2024,SHELL OIL 12467591009,Gas,Sale,-29.49,
11/15/2024,11/17/2024,PUBLIX SUPERMARKETS #1442,Groceries,Sale,-28.12,
11/15/2024,11/17/2024,PUBLIX SUPERMARKETS #1442,Groceries,Sale,-13.92,
11/15/2024,11/17/2024,PUBLIX SUPERMARKETS #1442,Groceries,Sale,-10.71,
11/14/2024,11/15/2024,LAZ PARKING L31556,Travel,Sale,-7.00,
11/14/2024,11/15/2024,LA SHISH KABOB,Food & Drink,Sale,-3.24,
11/14/2024,11/15/2024,LA SHISH KABOB,Food & Drink,Sale,-27.54,
11/13/2024,11/14/2024,NCDMV DRIVER MONROE263,Bills & Utilities,Sale,-19.73,
11/11/2024,11/12/2024,PUBLIX SUPERMARKETS #1442,Groceries,Sale,-9.77,
11/11/2024,11/12/2024,WRAPWAY,Food & Drink,Sale,-16.14,
11/11/2024,11/12/2024,WRAPWAY,Food & Drink,Sale,-22.63,
11/10/2024,11/11/2024,HARRIS TEETER #0011,Groceries,Sale,-37.26,
11/07/2024,11/10/2024,SPROUTS FARMERS MAR,Groceries,Sale,-5.91,
11/07/2024,11/08/2024,PUBLIX SUPERMARKETS #1442,Groceries,Sale,-13.94,
11/06/2024,11/07/2024,PUBLIX SUPERMARKETS #1442,Groceries,Sale,-3.21,
11/06/2024,11/07/2024,LAZ PARKING L31556,Travel,Sale,-2.00,
11/06/2024,11/07/2024,PUBLIX SUPERMARKETS #1442,Groceries,Sale,-52.01,
11/06/2024,11/07/2024,EXXON SAM'S MART #204,Gas,Sale,-36.67,
11/06/2024,11/07/2024,YAFA HALAL MARKET,Groceries,Sale,-25.24,
11/04/2024,11/05/2024,HARRIS TEETER #0082,Groceries,Sale,-10.18,
11/04/2024,11/05/2024,HARRIS TEETER #0122,Groceries,Sale,-3.24,
11/03/2024,11/04/2024,REGAL STONECREST  0384,Entertainment,Sale,-19.46,
11/02/2024,11/04/2024,SPROUTS FARMERS MAR,Groceries,Sale,-32.29,
11/02/2024,11/04/2024,PUBLIX SUPERMARKETS #1442,Groceries,Sale,-3.57,
11/01/2024,11/03/2024,HARRIS TEETER #0082,Groceries,Sale,-0.39,
11/01/2024,11/03/2024,HARRIS TEETER #0082,Groceries,Sale,-10.99,
11/02/2024,11/03/2024,HARRIS TEETER #0011,Groceries,Sale,-26.80,
10/31/2024,11/01/2024,HARRIS TEETER #0317,Groceries,Sale,-24.77,
10/31/2024,11/01/2024,LIDL #1015,Groceries,Sale,-6.12,
10/31/2024,11/01/2024,HARRIS TEETER #0082,Groceries,Sale,-9.63,
10/29/2024,10/31/2024,WALGREENS #09184,Health & Wellness,Return,18.22,
10/30/2024,10/31/2024,HARRIS TEETER #0082,Groceries,Sale,-8.80,
10/29/2024,10/31/2024,SHELL OIL 12467591009,Gas,Sale,-24.59,
10/29/2024,10/30/2024,WALGREENS #09184,Health & Wellness,Sale,-18.22,
10/29/2024,10/30/2024,LAW OFFICE OF JASON REECE,Professional Services,Sale,-1500.00,
10/28/2024,10/30/2024,JASMINE GRILL,Food & Drink,Sale,-31.29,
10/29/2024,10/30/2024,7732 Great Clips at Balla,Personal,Sale,-24.00,
10/29/2024,10/30/2024,WHOLEFDS WAV #10592,Groceries,Sale,-19.91,
10/29/2024,10/30/2024,PUBLIX SUPERMARKETS #1442,Groceries,Sale,-17.74,
10/29/2024,10/30/2024,HARRIS TEETER #0011,Groceries,Sale,-14.80,
10/28/2024,10/29/2024,PUBLIX SUPERMARKETS #1442,Groceries,Sale,-4.44,
10/28/2024,10/29/2024,HARRIS TEETER #0082,Groceries,Sale,-16.05,
10/28/2024,10/29/2024,LIDL #1497,Groceries,Sale,-8.58,
10/25/2024,10/27/2024,HARRIS TEETER #0317,Groceries,Sale,-8.15,
10/25/2024,10/27/2024,HARRIS TEETER #0317,Groceries,Sale,-37.00,
10/25/2024,10/27/2024,LIDL #1015,Groceries,Sale,-9.07,
10/24/2024,10/25/2024,HARRIS TEETER #0011,Groceries,Sale,-14.28,
10/23/2024,10/24/2024,UBER   *TRIP,Travel,Sale,-33.92,
10/23/2024,10/24/2024,LAZ PARKING L31556,Travel,Sale,-2.00,
10/23/2024,10/24/2024,PUBLIX SUPERMARKETS #1442,Groceries,Sale,-11.91,
10/23/2024,10/24/2024,HARRIS TEETER #0011,Groceries,Sale,-12.07,
10/23/2024,10/24/2024,BP#8169278BALLNTYNE COMM,Gas,Sale,-30.86,
10/23/2024,10/24/2024,AIRBNB * HMNRMDWNSF,Travel,Sale,-214.38,
10/23/2024,10/24/2024,HARRIS TEETER #0204,Groceries,Sale,-4.78,
10/23/2024,10/24/2024,HARRIS TEETER #0204,Groceries,Sale,-10.34,
10/22/2024,10/23/2024,WAL-MART #1452,Groceries,Sale,-63.08,
10/21/2024,10/21/2024,KABAB AND CURRY,Food & Drink,Sale,-57.00,
10/20/2024,10/21/2024,WOLFPACK OUTFITTERS,Education,Sale,-8.03,
10/20/2024,10/21/2024,SQ *JASMIN &amp; OLIVZ MEDITE,Food & Drink,Sale,-18.38,
10/20/2024,10/21/2024,LOWES #00488*,Home,Sale,-21.96,
10/20/2024,10/21/2024,WOLFPACK OUTFITTERS,Education,Sale,-32.15,
10/20/2024,10/21/2024,DINING CAFES,Education,Sale,-8.20,
10/19/2024,10/20/2024,Payment Thank You-Mobile,,Payment,1508.03,
10/19/2024,10/20/2024,EXXON REFUEL 166,Gas,Sale,-5.09,
10/19/2024,10/20/2024,SQ *JASMIN &amp; OLIVZ MEDITE,Food & Drink,Sale,-19.38,
10/17/2024,10/20/2024,SPROUTS FARMERS MAR,Groceries,Sale,-39.67,
10/19/2024,10/20/2024,EXXON REFUEL 166,Gas,Sale,-27.64,
10/17/2024,10/18/2024,PUBLIX SUPERMARKETS #1442,Groceries,Sale,-7.13,
10/17/2024,10/18/2024,PUBLIX SUPERMARKETS #1442,Groceries,Sale,-11.20,
10/15/2024,10/16/2024,USPS PO 4530600935,Shopping,Sale,-10.45,
10/13/2024,10/15/2024,SHELL OIL 12467591009,Gas,Sale,-24.21,
10/14/2024,10/15/2024,PUBLIX SUPERMARKETS #1442,Groceries,Sale,-41.40,
10/15/2024,10/15/2024,AIRBNB * HMFXAMQ8XW,Travel,Sale,-122.77,
10/13/2024,10/14/2024,YAFA HALAL MARKET,Groceries,Sale,-10.72,
10/13/2024,10/14/2024,CSC SERVICEWORK,Food & Drink,Sale,-2.50,
10/13/2024,10/14/2024,TRIVENI SUPERMARKET,Groceries,Sale,-25.15,
10/11/2024,10/13/2024,PUBLIX SUPERMARKETS #1442,Groceries,Sale,-3.56,
10/10/2024,10/11/2024,PUBLIX SUPERMARKETS #1442,Groceries,Sale,-15.85,
10/09/2024,10/10/2024,PUBLIX SUPERMARKETS #1442,Groceries,Sale,-16.85,
10/08/2024,10/09/2024,LIDL #1015,Groceries,Sale,-11.63,
10/08/2024,10/09/2024,LIDL #1015,Groceries,Sale,-7.55,
10/06/2024,10/07/2024,PUBLIX SUPERMARKETS #1442,Groceries,Sale,-16.75,
10/03/2024,10/06/2024,SHELL OIL 12467591009,Gas,Sale,-27.65,
10/02/2024,10/03/2024,HARRIS TEETER #0317,Groceries,Sale,-23.43,
10/01/2024,10/02/2024,HARRIS TEETER #0317,Groceries,Sale,-5.09,
10/01/2024,10/02/2024,SAMSCLUB #6348,Shopping,Sale,-74.78,
09/30/2024,10/01/2024,LIDL #1015,Groceries,Sale,-9.76,
09/29/2024,09/30/2024,HARRIS TEETER #0011,Groceries,Sale,-8.67,
09/28/2024,09/29/2024,USPS PO 3613850017,Shopping,Sale,-9.85,
09/27/2024,09/29/2024,HARRIS TEETER #0011,Groceries,Sale,-21.11,
09/28/2024,09/29/2024,WAL-MART #1452,Groceries,Sale,-12.16,
09/27/2024,09/29/2024,NCDMV REGIS #65 INDIAN,Bills & Utilities,Sale,-380.34,Title and Registration 
09/27/2024,09/29/2024,HARRIS TEETER #0011,Groceries,Sale,-8.95,
09/25/2024,09/27/2024,THE HOME DEPOT #3601,Home,Sale,-51.42,
09/25/2024,09/26/2024,HARRIS TEETER #0011,Groceries,Sale,-5.09,
09/25/2024,09/26/2024,HARRIS TEETER #0011,Groceries,Sale,-8.57,
09/22/2024,09/23/2024,SAMSCLUB #6348,Shopping,Sale,-202.13,
09/22/2024,09/23/2024,LIDL #1497,Groceries,Sale,-12.68,
09/22/2024,09/23/2024,HARRIS TEETER #0011,Groceries,Sale,-20.63,
09/22/2024,09/23/2024,TST* TABLA INDIAN RESTAUR,Food & Drink,Sale,-43.22,
09/20/2024,09/22/2024,SHELL OIL 12467591009,Gas,Sale,-26.08,
09/17/2024,09/18/2024,SAMSCLUB #6348,Shopping,Sale,-84.31,
09/17/2024,09/18/2024,HARRIS TEETER #0011,Groceries,Sale,-31.97,
09/17/2024,09/17/2024,Payment Thank You-Mobile,,Payment,2839.96,
09/16/2024,09/17/2024,NCDMV DRIVER MONROE263,Bills & Utilities,Sale,-19.73,Drivers License
09/16/2024,09/16/2024,PRINTWITHME,Professional Services,Sale,-5.00,
09/14/2024,09/16/2024,HOMEGOODS 0855,Shopping,Return,971.99,
09/14/2024,09/16/2024,BURLINGTON STORES 1085,Shopping,Return,5.35,
09/14/2024,09/16/2024,ROSS STORES #2104,Shopping,Sale,-22.11,
09/11/2024,09/13/2024,LOY*CHESAPEAKEUROLOGY,Health & Wellness,Sale,-100.00,
09/09/2024,09/11/2024,HOMEDEPOT.COM,Home,Sale,-177.26,
09/10/2024,09/11/2024,LIDL #1015,Groceries,Sale,-7.08,
09/10/2024,09/11/2024,HARRIS TEETER #0317,Groceries,Sale,-20.98,
09/10/2024,09/11/2024,HARRIS TEETER #0317,Groceries,Sale,-4.28,
09/09/2024,09/11/2024,SHELL OIL 12467591009,Gas,Sale,-30.92,
09/08/2024,09/10/2024,BURLINGTON STORES 817,Shopping,Sale,-5.35,
09/07/2024,09/09/2024,THE HOME DEPOT #3601,Home,Return,95.14,
09/08/2024,09/09/2024,7732 Great Clips at Balla,Personal,Sale,-24.00,
09/05/2024,09/08/2024,THE HOME DEPOT #1114,Home,Sale,-95.14,
09/07/2024,09/08/2024,HARRIS TEETER #0011,Groceries,Sale,-21.21,
09/07/2024,09/08/2024,PRINTWITHME,Professional Services,Sale,-5.00,
09/07/2024,09/08/2024,SAMSCLUB #6348,Shopping,Sale,-116.83,
09/05/2024,09/06/2024,HONEST-1 AUTO CARE FORT,Automotive,Sale,-1246.74,
09/02/2024,09/04/2024,THE HOME DEPOT #3601,Home,Sale,-11.16,
09/02/2024,09/04/2024,THE HOME DEPOT #3601,Home,Return,105.26,
09/02/2024,09/04/2024,THE HOME DEPOT #3601,Home,Sale,-150.00,
09/01/2024,09/03/2024,ROSS STORES #2104,Shopping,Return,32.39,
09/02/2024,09/03/2024,EXXON SAMS XPRESS CAR,Gas,Sale,-16.21,
09/02/2024,09/03/2024,HARRIS TEETER #0011,Groceries,Sale,-33.06,
08/31/2024,09/02/2024,MACYS  SOUTHPARK (NC),Shopping,Sale,-6.42,
09/01/2024,09/02/2024,HOMEGOODS 0855,Shopping,Sale,-979.00,
09/01/2024,09/02/2024,T.J. MAXX #1545,Shopping,Sale,-23.91,
09/01/2024,09/02/2024,HOMEGOODS 0855,Shopping,Sale,-69.17,
08/31/2024,09/02/2024,RESTAURANT DEPOT,Groceries,Sale,-77.27,
08/30/2024,09/01/2024,SHELL OIL 12467591009,Gas,Sale,-27.08,
08/29/2024,08/30/2024,SAMSCLUB #6348,Shopping,Sale,-134.43,
08/27/2024,08/29/2024,COOK OUT NORTH TRYON,Food & Drink,Sale,-4.32,
08/28/2024,08/29/2024,HARRIS TEETER #0011,Groceries,Sale,-16.80,
08/27/2024,08/29/2024,TST*CHARANDA MEXICAN GRI,Food & Drink,Sale,-15.00,
08/27/2024,08/28/2024,HARRIS TEETER #0190,Groceries,Sale,-7.19,
08/27/2024,08/28/2024,WAL-MART #2134,Groceries,Sale,-4.42,
08/27/2024,08/28/2024,WAL-MART #2134,Groceries,Sale,-14.86,
08/25/2024,08/27/2024,DRIVE TROUGH GRILL,Groceries,Sale,-12.95,
08/25/2024,08/25/2024,AIRBNB * HM59ZFNEZE,Travel,Return,535.16,
08/22/2024,08/25/2024,THE HOME DEPOT #3601,Home,Sale,-46.09,
08/22/2024,08/23/2024,SQ *BALLANTYNE BOUTIQUE K,Food & Drink,Sale,-12.84,
08/22/2024,08/23/2024,LIDL #1497,Groceries,Sale,-11.30,
08/20/2024,08/22/2024,SPROUTS FARMERS MAR,Groceries,Sale,-40.00,
08/21/2024,08/22/2024,FOOD LION #2215,Groceries,Sale,-6.52,
08/21/2024,08/22/2024,EXXON THE NEW PEACH ST,Gas,Sale,-34.22,
08/20/2024,08/21/2024,HARRIS TEETER #0011,Groceries,Sale,-27.88,
08/18/2024,08/20/2024,ROSS STORES #2104,Shopping,Sale,-38.86,
08/19/2024,08/20/2024,AIRBNB  HM59ZFNEZE,Travel,Sale,-535.16,
08/18/2024,08/20/2024,BURLINGTON STORES 1085,Shopping,Sale,-6.47,
08/18/2024,08/19/2024,T.J. MAXX #1545,Shopping,Sale,-64.77,
08/18/2024,08/19/2024,T.J. MAXX #1545,Shopping,Sale,-57.78,
08/18/2024,08/19/2024,HARRIS TEETER #0317,Groceries,Sale,-22.63,
08/17/2024,08/19/2024,COOK OUT PINEVILLE,Food & Drink,Sale,-8.64,
08/17/2024,08/18/2024,POPEYES 14356,Food & Drink,Sale,-8.54,
08/16/2024,08/18/2024,REGAL STONECREST  0384,Entertainment,Sale,-12.34,
08/15/2024,08/16/2024,SAMSCLUB #6348,Shopping,Sale,-26.08,
08/14/2024,08/16/2024,THE HOME DEPOT #3601,Home,Sale,-34.77,
08/15/2024,08/16/2024,HARRIS TEETER #0317,Groceries,Sale,-9.16,
08/14/2024,08/16/2024,COOK OUT PINEVILLE,Food & Drink,Sale,-4.32,
08/15/2024,08/15/2024,Payment Thank You-Mobile,,Payment,3234.99,
08/14/2024,08/15/2024,YAFA HALAL MARKET,Groceries,Sale,-17.44,
08/13/2024,08/14/2024,HARRIS TEETER #0011,Groceries,Sale,-28.63,
08/11/2024,08/12/2024,HARRIS TEETER #0011,Groceries,Sale,-5.09,
08/09/2024,08/11/2024,PANERA BREAD #600863 K,Food & Drink,Sale,-25.95,
08/09/2024,08/11/2024,HARRIS TEETER #0011,Groceries,Sale,-8.52,
08/09/2024,08/09/2024,PLAN FEE - TICKETS AT WOR,Fees & Adjustments,Fee,-5.03,
08/05/2024,08/07/2024,U-HAUL MOVING &amp; STORAGE O,Automotive,Sale,-109.04,
08/06/2024,08/07/2024,SAMSCLUB #6348,Shopping,Sale,-184.82,
08/06/2024,08/07/2024,HARRIS TEETER #0011,Groceries,Sale,-5.60,
08/04/2024,08/06/2024,THE HOME DEPOT #3601,Home,Sale,-44.54,
08/04/2024,08/06/2024,EXXON SAM'S MART # 57,Gas,Sale,-22.07,
08/05/2024,08/06/2024,EXXON THE NEW PEACH ST,Gas,Sale,-26.38,
08/04/2024,08/06/2024,YAFA HALAL MARKET,Groceries,Sale,-12.51,
08/05/2024,08/06/2024,BURLINGTON STORES 359,Shopping,Sale,-10.69,
08/04/2024,08/05/2024,HARRIS TEETER #92,Gas,Sale,-87.50,
08/03/2024,08/05/2024,SAFEWAY 2979,Groceries,Sale,-5.29,
08/04/2024,08/05/2024,DOLLAR TREE,Shopping,Sale,-4.02,
08/04/2024,08/05/2024,WAL-MART #4848,Groceries,Sale,-9.33,
08/01/2024,08/04/2024,SAFEWAY 2979,Groceries,Sale,-1.79,
08/03/2024,08/04/2024,PANERA BREAD #600863 P,Food & Drink,Sale,-22.30,
08/01/2024,08/04/2024,STAPLES       00115436,Shopping,Sale,-23.64,
08/03/2024,08/04/2024,HARRIS TEETER #0011,Groceries,Sale,-44.46,
08/03/2024,08/04/2024,CANTEEN 19,Food & Drink,Sale,-3.00,
08/02/2024,08/04/2024,MR. STORAGE - HARRISBURG,Home,Sale,-97.95,
08/02/2024,08/04/2024,U-HAULMALAV ENTERPRISE,Automotive,Sale,-744.12,
08/03/2024,08/04/2024,EXXON JENKIN'S MINI MA,Gas,Sale,-65.33,
08/03/2024,08/04/2024,CANTEEN VENDING,Food & Drink,Sale,-2.35,
07/31/2024,08/01/2024,EVERYDAY45135001,Food & Drink,Sale,-7.41,
07/31/2024,07/31/2024,Offer:Food Lion,Fees & Adjustments,Adjustment,0.23,
07/30/2024,07/31/2024,Baltimore County Revenue,Travel,Sale,-2.00,
07/31/2024,07/31/2024,STANLEY BLACKDECKER,Shopping,Sale,-108.33,
07/31/2024,07/31/2024,AGI*RENTERS/CONDO INS,Bills & Utilities,Sale,-168.00,
07/29/2024,07/31/2024,SAFEWAY 2979,Groceries,Sale,-23.71,
07/29/2024,07/31/2024,CANTEEN 19,Food & Drink,Sale,-3.10,
07/29/2024,07/30/2024,FRONTLINE FOOD SERVIC,Food & Drink,Sale,-2.45,
07/28/2024,07/30/2024,COOK OUT NORTH TRYON,Food & Drink,Sale,-7.56,
07/29/2024,07/30/2024,EXXON JENKINS MINI-MAR,Gas,Sale,-26.13,
07/29/2024,07/30/2024,WEIS MARKETS 228,Groceries,Sale,-1.20,
07/29/2024,07/30/2024,SAMSCLUB #6239,Shopping,Sale,-65.23,
07/29/2024,07/30/2024,EVERYDAY45135001,Food & Drink,Sale,-3.12,
07/28/2024,07/30/2024,THE HOME DEPOT #3603,Home,Sale,-36.40,
07/29/2024,07/30/2024,CPI*5838 CV RICHMOND,Food & Drink,Sale,-2.25,
07/27/2024,07/29/2024,UHI*UHAUL MR STORAGE UNCC,Automotive,Sale,-69.93,
07/28/2024,07/29/2024,CIRCLE K # 03971,Gas,Sale,-34.03,
07/28/2024,07/29/2024,WAL-MART #2134,Groceries,Sale,-17.10,
07/28/2024,07/28/2024,NOVEL BALLANTYNE BY,Professional Services,Sale,-225.00,
07/26/2024,07/28/2024,COOK OUT NORTH TRYON,Food & Drink,Sale,-8.64,
07/25/2024,07/28/2024,MR. STORAGE - HARRISBURG,Home,Sale,-22.53,
07/26/2024,07/28/2024,LA SHISH KABOB,Food & Drink,Sale,-17.34,
07/26/2024,07/28/2024,FOOD LION #2215,Groceries,Sale,-4.59,
07/28/2024,07/28/2024,NOVEL BALLANTYNE BY,Professional Services,Sale,-225.00,
07/25/2024,07/26/2024,WAL-MART #2134,Groceries,Sale,-56.52,
07/24/2024,07/26/2024,MR. STORAGE - HARRISBURG,Home,Sale,-20.00,
07/24/2024,07/26/2024,SHELL OIL 54584120056,Gas,Sale,-22.32,
07/24/2024,07/25/2024,SQ *MUSTAFA'S PLACE HARRI,Food & Drink,Sale,-44.39,
07/23/2024,07/25/2024,SHELL OIL 57544372501,Gas,Sale,-34.49,
07/23/2024,07/24/2024,EVERYDAY45135001,Food & Drink,Sale,-2.96,
07/23/2024,07/24/2024,EVERYDAY45135001,Food & Drink,Sale,-7.41,
07/22/2024,07/24/2024,SAFEWAY 2979,Groceries,Sale,-3.50,
07/23/2024,07/24/2024,AUTOZONE 5981,Automotive,Sale,-12.71,
07/20/2024,07/22/2024,Baltimore County Revenue,Travel,Sale,-2.00,
07/19/2024,07/21/2024,NANDO'S PERI PERI #018,Food & Drink,Sale,-26.57,
07/19/2024,07/21/2024,Baltimore County Revenue,Travel,Sale,-3.00,
07/19/2024,07/21/2024,SAFEWAY 2979,Groceries,Sale,-13.73,
07/19/2024,07/21/2024,TST* GINOS BURGERS AND CH,Food & Drink,Sale,-14.52,
07/19/2024,07/21/2024,EVERYDAY45135001,Food & Drink,Sale,-2.77,
07/17/2024,07/19/2024,SAFEWAY 2979,Groceries,Sale,-3.49,
07/18/2024,07/19/2024,FRONTLINE FOOD SERVIC,Food & Drink,Sale,-2.40,
07/17/2024,07/19/2024,SPROUTS FARMERS MAR,Groceries,Sale,-35.99,
07/17/2024,07/17/2024,Payment Thank You-Mobile,,Payment,1583.50,
07/15/2024,07/17/2024,SAFEWAY 2979,Groceries,Sale,-5.69,
07/15/2024,07/17/2024,TARGET        00011429,Shopping,Sale,-20.13,
07/12/2024,07/16/2024,EVERYDAY45135001,Food & Drink,Sale,-3.12,
07/14/2024,07/15/2024,WEIS MARKETS 228,Groceries,Sale,-5.51,
07/14/2024,07/15/2024,TARGET        00011429,Shopping,Sale,-5.49,
07/14/2024,07/15/2024,MOUNT EVEREST FOOD INC,Groceries,Sale,-14.97,
07/14/2024,07/15/2024,SAMSCLUB #6239,Shopping,Sale,-27.64,
07/14/2024,07/15/2024,WAL-MART #2577,Groceries,Sale,-31.25,
07/13/2024,07/14/2024,SAMSCLUB #6239,Shopping,Sale,-61.41,
07/10/2024,07/12/2024,SAFEWAY 2979,Groceries,Sale,-23.40,
07/11/2024,07/12/2024,EVERYDAY45135001,Food & Drink,Sale,-1.16,
07/10/2024,07/11/2024,SQ *BABA'S HALAL - TOWSON,Food & Drink,Sale,-20.14,
07/10/2024,07/10/2024,PLAN FEE - TICKETS AT WOR,Fees & Adjustments,Fee,-5.03,
07/09/2024,07/10/2024,EXXON TOWSON PARK,Gas,Sale,-31.32,
07/05/2024,07/07/2024,SAFEWAY 2979,Groceries,Sale,-14.57,
07/06/2024,07/07/2024,SAMSCLUB #6239,Shopping,Sale,-183.44,
07/04/2024,07/07/2024,SAFEWAY 2979,Groceries,Sale,-19.48,
07/03/2024,07/05/2024,SAFEWAY 2979,Groceries,Sale,-5.69,
07/01/2024,07/02/2024,SYRIANOS CAFE,Food & Drink,Sale,-12.71,
06/30/2024,07/01/2024,WAL-MART #2577,Groceries,Sale,-45.50,
06/29/2024,07/01/2024,SAFEWAY 2979,Groceries,Sale,-17.22,
06/30/2024,07/01/2024,GRACELAND INTERNATIONAL,Groceries,Sale,-52.41,
06/30/2024,07/01/2024,BURLINGTON STORES 1107,Shopping,Sale,-17.02,
06/29/2024,06/30/2024,TJMAXX #0395,Shopping,Sale,-7.41,
06/28/2024,06/30/2024,CINEMARK THEATRES 1072,Entertainment,Sale,-8.85,
06/29/2024,06/30/2024,SQ *PRIGEL FAMILY CREAMER,Groceries,Sale,-17.32,
06/27/2024,06/30/2024,SAFEWAY 2979,Groceries,Sale,-29.44,
06/28/2024,06/30/2024,Baltimore County Revenue,Travel,Sale,-2.00,
06/27/2024,06/28/2024,JEFFERSON CROWN,Gas,Sale,-37.99,
06/26/2024,06/28/2024,SPROUTS FARMERS MAR,Groceries,Sale,-33.74,
06/27/2024,06/28/2024,AKA FRISCOS,Food & Drink,Sale,-10.59,
06/26/2024,06/27/2024,WEIS MARKETS 228,Groceries,Sale,-11.02,
06/26/2024,06/27/2024,TARGET        00011429,Shopping,Sale,-9.38,
06/26/2024,06/27/2024,TULLY TN CT MALONE FEE,Bills & Utilities,Sale,-4.63,
06/26/2024,06/27/2024,TULLY TN CT MALONE,Bills & Utilities,Sale,-155.00,
06/26/2024,06/27/2024,TARGET        00011429,Shopping,Sale,-5.49,
06/24/2024,06/26/2024,SAFEWAY 2979,Groceries,Sale,-5.69,
06/24/2024,06/25/2024,USPS PO 2304270035,Shopping,Sale,-9.85,
06/23/2024,06/25/2024,TRADER JOE S #649,Groceries,Sale,-8.48,
06/23/2024,06/24/2024,ALL AFRICAN DELIGHT,Groceries,Sale,-28.96,
06/23/2024,06/24/2024,INTERNATIONAL GROCERY,Groceries,Sale,-56.89,
06/22/2024,06/24/2024,METRO 061-POTOMAC AV,Travel,Sale,-12.00,
06/23/2024,06/24/2024,SAMSCLUB #6239,Shopping,Sale,-58.65,
06/23/2024,06/24/2024,MOUNT EVEREST FOOD INC,Groceries,Sale,-60.95,
06/22/2024,06/24/2024,OTTOMAN TAVERNA,Food & Drink,Sale,-90.61,
06/22/2024,06/23/2024,SMITH NMNH CAFE,Food & Drink,Sale,-7.15,
06/22/2024,06/23/2024,DC PARK*METER MULTI,Bills & Utilities,Sale,-4.60,
06/20/2024,06/23/2024,SAFEWAY 2979,Groceries,Sale,-17.65,
06/22/2024,06/23/2024,SI NAT AIR &amp; SPACE MUSEU,Travel,Sale,-15.00,
06/19/2024,06/21/2024,LULULEMON TOWSONCENTER,Shopping,Sale,-104.94,
06/19/2024,06/21/2024,CINNABON 105441,Food & Drink,Sale,-6.13,
06/20/2024,06/21/2024,AIRBNB  HMXJA22W8P,Travel,Return,200.32,
06/19/2024,06/20/2024,NORDSTROM-RACK #0627,Shopping,Sale,-18.53,
06/19/2024,06/20/2024,BURLINGTON STORES 1107,Shopping,Sale,-27.53,
06/17/2024,06/19/2024,SHELL OIL 57544372501,Gas,Sale,-42.32,
06/18/2024,06/19/2024,TJMAXX #0395,Shopping,Sale,-36.00,
06/17/2024,06/18/2024,THE FRESH MARKET 129,Groceries,Sale,-10.00,
06/15/2024,06/17/2024,SAFEWAY 2979,Groceries,Sale,-20.17,
06/15/2024,06/16/2024,WALGREENS #13606,Health & Wellness,Sale,-18.01,
06/14/2024,06/16/2024,SAMSCLUB #6239,Shopping,Sale,-183.84,
06/15/2024,06/16/2024,SAMSCLUB #6239,Shopping,Sale,-70.00,
06/14/2024,06/14/2024,Payment Thank You-Mobile,,Payment,1548.10,
06/12/2024,06/13/2024,WEIS MARKETS 228,Groceries,Sale,-32.24,
06/12/2024,06/13/2024,EL GRAN POLLO TOWSON,Food & Drink,Sale,-6.88,
06/09/2024,06/10/2024,AMOCO#1901313CHUBBYS FOO,Gas,Sale,-20.90,
06/09/2024,06/10/2024,CIRCLE K # 03971,Gas,Sale,-27.46,
06/09/2024,06/10/2024,UNDER ARMOUR RETAIL OF M,Shopping,Sale,-21.34,
06/08/2024,06/10/2024,PPS - Surface Lot,Travel,Sale,-14.00,
06/09/2024,06/10/2024,CSC SERVICEWORK,Food & Drink,Sale,-2.50,
06/09/2024,06/10/2024,Tommy Hilfiger,Shopping,Sale,-61.25,
06/08/2024,06/10/2024,FEDEX OFFIC30000030098,Personal,Sale,-2.96,
06/08/2024,06/09/2024,WAL-MART #2134,Groceries,Sale,-6.06,
06/07/2024,06/09/2024,FOOD LION #2215,Groceries,Sale,-16.97,
06/07/2024,06/09/2024,FEDEX OFFIC30000030098,Personal,Sale,-2.22,
06/08/2024,06/09/2024,TJMAXX #0153,Shopping,Sale,-18.22,
06/06/2024,06/09/2024,SHELL OIL 91002192193,Gas,Sale,-20.70,
06/05/2024,06/07/2024,EXXON TOWSON PARK,Gas,Sale,-38.67,
06/05/2024,06/07/2024,Baltimore County Revenue,Travel,Sale,-2.00,
06/05/2024,06/07/2024,SAFEWAY 2979,Groceries,Sale,-9.68,
06/06/2024,06/07/2024,FOOD LION #2215,Groceries,Sale,-14.97,
06/05/2024,06/06/2024,NANDO'S PERI PERI #018,Food & Drink,Sale,-17.53,
06/04/2024,06/06/2024,SAFEWAY 2979,Groceries,Sale,-5.79,
06/05/2024,06/06/2024,SYRIANOS CAFE,Food & Drink,Sale,-14.77,
06/04/2024,06/05/2024,EVERYDAY45135001,Food & Drink,Sale,-12.97,
06/03/2024,06/05/2024,RACK ROOM SHOES #0626,Shopping,Sale,-121.88,
06/02/2024,06/04/2024,TOWN OF BETHANY BEACH,Bills & Utilities,Sale,-6.78,
06/02/2024,06/04/2024,TOWN OF BETHANY BEACH,Bills & Utilities,Sale,-10.56,
06/03/2024,06/04/2024,EVERYDAY45135001,Food & Drink,Sale,-1.58,
06/02/2024,06/04/2024,SAFEWAY 2979,Groceries,Sale,-14.81,
06/01/2024,06/03/2024,SAFEWAY 2979,Groceries,Sale,-24.18,
06/01/2024,06/03/2024,SAFEWAY 2979,Groceries,Sale,-10.59,
06/02/2024,06/03/2024,EXXON TOWSON PARK,Gas,Sale,-23.65,
06/01/2024,06/03/2024,SAFEWAY 2979,Groceries,Sale,-41.92,
05/30/2024,06/02/2024,PABT          09030008,Travel,Sale,-13.50,
06/01/2024,06/02/2024,INTERNATIONAL GROCERY,Groceries,Sale,-32.99,
06/01/2024,06/02/2024,SYRIANOS CAFE,Food & Drink,Sale,-58.13,
05/31/2024,06/02/2024,EL GRAN POLLO TOWSON,Food & Drink,Sale,-27.57,
05/30/2024,06/02/2024,MTA*METROCARD MACHINE,Travel,Sale,-14.50,
05/31/2024,06/02/2024,TJMAXX #0395,Shopping,Sale,-16.96,
05/31/2024,06/02/2024,SUNOCO 0261246302,Gas,Sale,-33.98,
06/01/2024,06/02/2024,SQ *PRIGEL FAMILY CREAMER,Groceries,Sale,-28.94,
05/31/2024,06/02/2024,MOUNT EVEREST FOOD INC,Groceries,Sale,-19.97,
05/31/2024,06/02/2024,MARSHALLS #0052,Shopping,Sale,-47.38,
05/30/2024,06/02/2024,MTA*METROCARD MACHINE,Travel,Sale,-14.50,
05/30/2024,05/31/2024,CVS/PHARMACY #10826,Health & Wellness,Sale,-7.79,
05/29/2024,05/31/2024,MTA*METROCARD MACHINE,Travel,Sale,-15.50,
05/29/2024,05/31/2024,TOP OF THE ROCK - BOX,Entertainment,Sale,-43.56,
05/29/2024,05/31/2024,AMNH 701,Shopping,Sale,-11.00,
05/29/2024,05/31/2024,MTA*METROCARD MACHINE,Travel,Sale,-15.50,
05/29/2024,05/30/2024,TARGET        00033852,Shopping,Sale,-25.62,
05/29/2024,05/30/2024,PABT          09130006,Travel,Sale,-9.00,
05/29/2024,05/30/2024,PABT          09130006,Travel,Sale,-4.50,
05/29/2024,05/30/2024,PABT          09130006,Travel,Sale,-4.50,
05/29/2024,05/30/2024,SALT   PEPPER INC,Food & Drink,Sale,-5.44,
05/29/2024,05/30/2024,SALT   PEPPER INC,Food & Drink,Sale,-19.59,
05/29/2024,05/30/2024,SQ *CENTRAL PARK CAFE,Food & Drink,Sale,-5.23,
05/28/2024,05/29/2024,SAMSCLUB #4774,Shopping,Sale,-9.98,
05/28/2024,05/29/2024,SAMSCLUB #4774,Shopping,Sale,-161.67,
05/28/2024,05/29/2024,USPS PO 2304270035,Shopping,Sale,-9.85,
05/28/2024,05/29/2024,WM SUPERCENTER #3520,Groceries,Sale,-8.60,
05/25/2024,05/27/2024,MR TIRE       00006601,Automotive,Sale,-113.83,
05/25/2024,05/27/2024,SAFEWAY 2979,Groceries,Sale,-17.80,
05/25/2024,05/27/2024,Baltimore County Revenue,Travel,Sale,-2.00,
05/24/2024,05/26/2024,SAFEWAY 2979,Groceries,Sale,-40.43,
05/24/2024,05/26/2024,CINEMARK THEATRES 1072,Entertainment,Sale,-5.72,
05/23/2024,05/24/2024,EVERYDAY45135001,Food & Drink,Sale,-7.41,
05/20/2024,05/22/2024,SAFEWAY 2979,Groceries,Sale,-17.97,
05/21/2024,05/21/2024,REDEMPTION CREDIT,Fees & Adjustments,Adjustment,693.82,
05/19/2024,05/21/2024,SAFEWAY 2979,Groceries,Sale,-26.62,
05/20/2024,05/20/2024,AIRBNB  HMXJA22W8P,Travel,Sale,-200.32,
05/19/2024,05/20/2024,AUTOZONE #4657,Automotive,Sale,-33.38,
05/19/2024,05/20/2024,WAL-MART #2577,Groceries,Sale,-3.68,
05/19/2024,05/20/2024,CHEESECAKE TOWSON,Food & Drink,Sale,-12.19,
05/19/2024,05/20/2024,BURLINGTON STORES 1107,Shopping,Sale,-63.57,
05/19/2024,05/20/2024,EXXON TOWSON PARK,Gas,Sale,-40.78,
05/19/2024,05/20/2024,EXXON TOWSON PARK,Gas,Sale,-5.49,
05/18/2024,05/20/2024,SAFEWAY 2979,Groceries,Sale,-12.93,
05/17/2024,05/19/2024,EL GRAN POLLO TOWSON,Food & Drink,Sale,-16.93,
05/18/2024,05/19/2024,TJMAXX #0395,Shopping,Sale,-22.23,
05/16/2024,05/17/2024,MOUNT EVEREST FOOD INC,Groceries,Sale,-66.34,
05/16/2024,05/17/2024,DOLLAR TREE,Shopping,Sale,-3.98,
05/15/2024,05/16/2024,EVERYDAY45135001,Food & Drink,Sale,-3.43,
05/13/2024,05/15/2024,MVA ESERVICES,Bills & Utilities,Sale,-12.00,
05/13/2024,05/15/2024,SAFEWAY 2979,Groceries,Sale,-5.99,
05/14/2024,05/14/2024,Offer:Food Lion,Fees & Adjustments,Adjustment,0.43,
05/14/2024,05/14/2024,TLC LAUNDRY,Personal,Sale,-10.00,
05/13/2024,05/14/2024,TARGET        00012658,Shopping,Sale,-16.98,
05/13/2024,05/14/2024,AIRBNB  HMQY4WENWY,Travel,Sale,-554.06,
05/13/2024,05/14/2024,EVERYDAY45135001M,Food & Drink,Sale,-3.17,
05/13/2024,05/14/2024,EVERYDAY45135001M,Food & Drink,Sale,-9.32,
05/13/2024,05/14/2024,SAMSCLUB #6239,Shopping,Sale,-75.11,
05/12/2024,05/13/2024,MIRABITO 17 BRIGHTON AVE,Gas,Sale,-16.50,
05/12/2024,05/13/2024,MIRABITO 17 BRIGHTON AVE,Gas,Sale,-13.60,
05/12/2024,05/13/2024,MIRABITO 17 BRIGHTON AVE,Gas,Sale,-6.27,
05/10/2024,05/12/2024,CHEESECAKE SYRACUSE,Food & Drink,Sale,-40.01,
05/11/2024,05/12/2024,DUNKIN #353219 Q35,Food & Drink,Sale,-18.26,
05/11/2024,05/12/2024,CITY OF SYRACUSE,Travel,Sale,-4.00,
05/11/2024,05/12/2024,PRICE CHOPPER #172,Groceries,Sale,-18.93,
05/11/2024,05/12/2024,Payment Thank You-Mobile,,Payment,2758.81,
05/11/2024,05/12/2024,CITY OF SYRACUSE,Travel,Sale,-1.80,
05/10/2024,05/12/2024,MIRABITO 17 BRIGHTON AVE,Gas,Sale,-27.62,
05/07/2024,05/09/2024,SAFEWAY 2979,Groceries,Sale,-18.16,
05/07/2024,05/08/2024,EXXON TOWSON PARK,Gas,Sale,-40.07,
05/03/2024,05/07/2024,BLTMR CNTY REV AUTHORI,Travel,Sale,-2.00,
05/06/2024,05/07/2024,BONEFISH 8102,Food & Drink,Sale,-80.00,
05/05/2024,05/07/2024,SAFEWAY 2979,Groceries,Sale,-4.99,
05/04/2024,05/06/2024,SAFEWAY 2979,Groceries,Sale,-29.98,
05/04/2024,05/05/2024,SYRIANOS CAFE,Food & Drink,Sale,-39.40,
05/05/2024,05/05/2024,TICKETS AT WORK,Entertainment,Sale,-560.96,
05/03/2024,05/05/2024,SAFEWAY 2979,Groceries,Sale,-9.34,
05/03/2024,05/05/2024,CINEMARK THEATRES 1072,Entertainment,Sale,-10.60,
05/02/2024,05/03/2024,THE FRESH MARKET 129,Groceries,Sale,-6.99,
05/01/2024,05/02/2024,SQ *PRIGEL FAMILY CREAMER,Groceries,Sale,-14.10,
05/01/2024,05/02/2024,BURLINGTON STORES 1107,Shopping,Sale,-7.41,
04/30/2024,05/02/2024,SAFEWAY 2979,Groceries,Sale,-25.27,
04/30/2024,05/01/2024,TJMAXX #0395,Shopping,Sale,-38.67,
04/30/2024,05/01/2024,SURESH N. PATTANASHETT,Health & Wellness,Sale,-50.00,
04/29/2024,05/01/2024,SAFEWAY 2979,Groceries,Sale,-92.56,
04/29/2024,04/30/2024,EXXON JENKINS MINI-MART 2,Gas,Sale,-39.76,
04/27/2024,04/29/2024,SHELL OIL 54584120056,Gas,Sale,-26.91,
04/28/2024,04/29/2024,FOOD LION #2215,Groceries,Sale,-6.10,
04/28/2024,04/29/2024,CIRCLE K # 03971,Gas,Sale,-24.60,
04/28/2024,04/29/2024,CSC SERVICEWORK,Food & Drink,Sale,-2.50,
04/27/2024,04/28/2024,SHELL OIL 57544372501,Gas,Sale,-28.72,
04/25/2024,04/26/2024,AIRBNB  HMHKTMDAE2,Travel,Return,127.17,
04/24/2024,04/26/2024,365 MARKET FP,Food & Drink,Sale,-9.53,
04/25/2024,04/25/2024,AIRBNB  HMHKTMDAE2,Travel,Sale,-127.17,
04/25/2024,04/25/2024,AIRBNB  HM393AWY8Y,Travel,Sale,-157.45,
04/21/2024,04/23/2024,SAFEWAY 2979,Groceries,Sale,-29.40,
04/20/2024,04/22/2024,SAFEWAY 1880,Groceries,Sale,-20.17,
04/21/2024,04/22/2024,BURLINGTON STORES 1107,Shopping,Sale,-17.99,
04/21/2024,04/22/2024,WAL-MART #2577,Groceries,Sale,-103.19,
04/20/2024,04/21/2024,2887 GREAT CLIPS AT NORTH,Personal,Sale,-23.00,
04/18/2024,04/21/2024,365 MARKET FP,Food & Drink,Sale,-7.41,
04/19/2024,04/21/2024,BLUE RIDGE PARKWAY,Bills & Utilities,Sale,-10.00,
04/20/2024,04/21/2024,TARGET        00011429,Shopping,Sale,-8.47,
04/18/2024,04/19/2024,SUNOCO 8001214502,Gas,Sale,-38.37,
04/18/2024,04/19/2024,MARSHALLS #0052,Shopping,Sale,-21.19,
04/18/2024,04/19/2024,SYRIANOS CAFE,Food & Drink,Sale,-6.35,
04/18/2024,04/19/2024,WEIS MARKETS 228,Groceries,Sale,-68.87,
04/18/2024,04/19/2024,SYRIANOS CAFE,Food & Drink,Sale,-10.78,
04/17/2024,04/18/2024,FEDEX OFFIC30000030098,Personal,Sale,-4.08,
04/17/2024,04/18/2024,FOOD LION #2215,Groceries,Sale,-25.65,
04/17/2024,04/18/2024,SUVIDHA INTL MARKET CRT,Groceries,Sale,-26.47,
04/17/2024,04/18/2024,ZAYTUNA HALAL MARKET,Groceries,Sale,-28.61,
04/17/2024,04/18/2024,SUVIDHA INTL MARKET CRT,Groceries,Sale,-10.71,
04/17/2024,04/18/2024,SAMSCLUB #6540,Shopping,Sale,-92.16,
04/16/2024,04/17/2024,FOOD LION #2215,Groceries,Sale,-4.82,
04/16/2024,04/17/2024,DOR TAX PAYMENTS,Bills & Utilities,Sale,-147.00,
04/16/2024,04/17/2024,DOR TAX PAYMENTS,Bills & Utilities,Sale,-4.00,
04/15/2024,04/16/2024,US TREASURY TAX PAYMENT,Bills & Utilities,Sale,-276.00,
04/16/2024,04/16/2024,SPRINTAX NR TAX,Professional Services,Sale,-96.90,
04/15/2024,04/16/2024,PAYUSATAX CONVENIENCE FEE,Bills & Utilities,Sale,-5.02,
04/16/2024,04/16/2024,SPRINTAX NR TAX,Professional Services,Sale,-19.95,
04/15/2024,04/16/2024,SAMSCLUB #6540,Shopping,Sale,-54.68,
04/14/2024,04/15/2024,GRANDFATHER MOUNTAIN,Entertainment,Sale,-53.38,
04/14/2024,04/15/2024,GRANDFATHER MOUNTAIN,Entertainment,Sale,-21.33,
04/14/2024,04/15/2024,BP#4420394QUICK SHOP,Gas,Sale,-27.39,
04/13/2024,04/14/2024,WAL-MART #1156,Groceries,Sale,-72.92,
04/12/2024,04/14/2024,CINEMARK 1143 F&amp;B,Food & Drink,Sale,-7.20,
04/13/2024,04/14/2024,CIRCLE K # 03971,Gas,Sale,-13.87,
04/13/2024,04/14/2024,WAL-MART #1156,Groceries,Sale,-7.11,
04/11/2024,04/12/2024,Payment Thank You-Mobile,,Payment,1881.14,
04/11/2024,04/12/2024,BROOKLYN'S PIZZERIA,Food & Drink,Sale,-32.18,
04/10/2024,04/11/2024,7-ELEVEN 41347,Gas,Sale,-36.12,
04/08/2024,04/09/2024,SAMSCLUB #6540,Shopping,Sale,-277.17,
04/08/2024,04/09/2024,NEVILLES ALTERATIONS,Shopping,Sale,-69.71,
04/07/2024,04/08/2024,ZAYTUNA HALAL MARKET,Groceries,Sale,-28.52,
04/05/2024,04/07/2024,EXXON TOWSON PARK,Gas,Sale,-27.72,
04/06/2024,04/07/2024,EXXON JENKIN'S MINI MART,Gas,Sale,-23.04,
04/03/2024,04/05/2024,SAFEWAY 2979,Groceries,Sale,-8.18,
04/02/2024,04/04/2024,SAFEWAY 2979,Groceries,Sale,-13.58,
03/31/2024,04/01/2024,MOUNT EVEREST FOOD INC,Groceries,Sale,-26.99,
03/31/2024,04/01/2024,GIANT 0353,Groceries,Sale,-26.16,
03/30/2024,04/01/2024,THE HOME DEPOT 2577,Home,Sale,-18.79,
03/30/2024,03/31/2024,NORDSTROM-RACK #0627,Shopping,Sale,-105.97,
03/30/2024,03/31/2024,MOUNT EVEREST FOOD INC,Groceries,Sale,-6.99,
03/30/2024,03/31/2024,TIENDA ESPINOZA 2,Groceries,Sale,-10.67,
03/28/2024,03/31/2024,SAFEWAY 2979,Groceries,Sale,-13.40,
03/30/2024,03/31/2024,MACYS  TOWSON TWN CTR,Shopping,Sale,-21.19,
03/27/2024,03/27/2024,AIRBNB  HMQY4WENWY,Travel,Sale,-524.81,
03/25/2024,03/26/2024,WAL-MART #5344,Shopping,Sale,-21.54,
03/24/2024,03/25/2024,WAL-MART #5344,Shopping,Sale,-163.52,
03/23/2024,03/25/2024,OLLIES BARGAIN OUTLET 323,Shopping,Sale,-2.11,
03/23/2024,03/25/2024,SAFEWAY 2979,Groceries,Sale,-22.16,
03/24/2024,03/25/2024,TLC LAUNDRY,Personal,Sale,-10.00,
03/23/2024,03/24/2024,MOUNT EVEREST FOOD INC,Groceries,Sale,-28.98,
03/23/2024,03/24/2024,WAL-MART #5344,Shopping,Sale,-24.86,
03/22/2024,03/24/2024,INTUIT *TURBOTAX,Shopping,Sale,-112.58,
03/20/2024,03/22/2024,SPROUTS FARMERS MAR,Groceries,Sale,-44.99,
03/21/2024,03/22/2024,MARSHALLS #0052,Shopping,Sale,-6.34,
03/21/2024,03/22/2024,WEIS MARKETS 228,Groceries,Sale,-5.29,
03/20/2024,03/21/2024,TARGET        00011429,Shopping,Sale,-9.48,
03/18/2024,03/20/2024,SAFEWAY 2979,Groceries,Sale,-58.85,
03/17/2024,03/19/2024,SHELL OIL 57545614109,Gas,Sale,-38.82,
03/16/2024,03/18/2024,AUTOZONE #0222,Automotive,Sale,-22.48,
03/16/2024,03/18/2024,AUTOZONE #0222,Automotive,Sale,-8.56,
03/16/2024,03/17/2024,3074 GREAT CLIPS AT TOWN,Personal,Sale,-23.00,
03/13/2024,03/14/2024,FOOD LION #2215,Groceries,Sale,-4.43,
03/14/2024,03/14/2024,Payment Thank You-Mobile,,Payment,2081.71,
03/11/2024,03/12/2024,CIRCLE K # 03971,Gas,Sale,-36.88,
03/11/2024,03/12/2024,SQ *MYPARK QR,Professional Services,Sale,-5.50,
03/11/2024,03/11/2024,LYFT   *1 RIDE 03-09,Travel,Sale,-27.88,
03/07/2024,03/10/2024,AMERICAN AI 0012122776050,Travel,Sale,-290.80,
03/07/2024,03/10/2024,MARELY FOOD,Food & Drink,Sale,-125.74,
03/07/2024,03/10/2024,VIVA AEROBUS CIB,Travel,Sale,-629.47,
03/07/2024,03/10/2024,AMERICAN AI 0010646273762,Travel,Sale,-9.72,
03/07/2024,03/10/2024,AMERICAN AI 0010646273761,Travel,Sale,-10.80,
03/07/2024,03/10/2024,AMERICAN AI 0012122776051,Travel,Sale,-290.80,
03/07/2024,03/08/2024,EL MAYAB,Shopping,Sale,-121.11,
03/05/2024,03/08/2024,NOVEDADES EL PASAJE,Shopping,Sale,-13.28,
03/06/2024,03/07/2024,UBER* TRIP,Travel,Sale,-0.59,
03/05/2024,03/07/2024,TABAQUERIA Y REGALOS,Shopping,Sale,-2.92,
03/06/2024,03/07/2024,PLAZA PICAZO,Shopping,Sale,-19.24,
03/06/2024,03/07/2024,UBER* TRIP,Travel,Sale,-2.96,
03/04/2024,03/06/2024,INM RECAUDACIONMU,Bills & Utilities,Sale,-313.59,
03/05/2024,03/06/2024,DOR GAYNOR PUEBLA,Shopping,Sale,-49.30,
03/05/2024,03/06/2024,ADO MOVIL ACCERTIFY 2,Travel,Sale,-29.24,
03/03/2024,03/04/2024,AUT MEX PUE EST ROJA,Travel,Sale,-48.03,
03/02/2024,03/03/2024,FOOD LION #1454,Groceries,Sale,-5.28,
03/01/2024,03/03/2024,CIRCLE K # 03971,Gas,Sale,-20.28,
03/02/2024,03/03/2024,FOOD LION #1454,Groceries,Sale,-3.56,
03/01/2024,03/01/2024,ANNUAL MEMBERSHIP FEE,Fees & Adjustments,Fee,-95.00,
